{"cameraMode":{"drawMode":0,"name":"Shaded","section":"Shading Mode"},"sceneLighting":true,"audioPlay":false,"sceneViewState":{"showFog":true,"showMaterialUpdate":false,"showSkybox":true,"showFlares":true,"showImageEffects":true,"showParticleSystems":true},"in2DMode":false,"pivot":{"x":9.5,"y":14.739999771118164,"z":-42.119998931884769},"rotation":{"x":-0.14883260428905488,"y":-0.011996655724942685,"z":0.00180637848097831,"w":-0.9887919425964356},"size":18.488649368286134,"orthographic":false}